{
  "version": 1,
  "author": "Giovanna Gilio",
  "editor": "wokwi",
  "parts": [
    { "type": "wokwi-breadboard", "id": "bb1", "top": -118.2, "left": -246.8, "attrs": {} },
    {
      "type": "board-esp32-devkit-c-v4",
      "id": "esp",
      "top": -137.2,
      "left": -465.04,
      "rotate": 270,
      "attrs": { "env": "micropython-20231227-v1.22.0" }
    },
    {
      "type": "wokwi-led",
      "id": "led1",
      "top": -186,
      "left": -149.8,
      "attrs": { "color": "red" }
    },
    {
      "type": "wokwi-resistor",
      "id": "r1",
      "top": -24,
      "left": -134.95,
      "rotate": 90,
      "attrs": { "value": "1000" }
    },
    {
      "type": "wokwi-hc-sr04",
      "id": "ultrasonic1",
      "top": 155.1,
      "left": -80.9,
      "attrs": { "distance": "2" }
    }
  ],
  "connections": [
    [ "esp:TX", "$serialMonitor:RX", "", [] ],
    [ "esp:RX", "$serialMonitor:TX", "", [] ],
    [ "led1:A", "bb1:tn.8", "black", [ "v0" ] ],
    [ "led1:C", "bb1:13t.a", "red", [ "v0" ] ],
    [ "esp:CMD", "bb1:tn.1", "black", [ "h0" ] ],
    [ "ultrasonic1:GND", "bb1:tn.11", "black", [ "v0" ] ],
    [ "ultrasonic1:TRIG", "esp:25", "gold", [ "v9.6", "h-413.2", "v-241.51" ] ],
    [ "esp:26", "bb1:13b.j", "violet", [ "v56.46", "h260.71" ] ],
    [ "esp:27", "ultrasonic1:ECHO", "green", [ "v260.71", "h405.14" ] ],
    [ "ultrasonic1:VCC", "esp:5V", "blue", [ "h-307.2", "v-231.91" ] ],
    [ "r1:1", "bb1:13t.c", "", [ "$bb" ] ],
    [ "r1:2", "bb1:13b.g", "", [ "$bb" ] ]
  ],
  "dependencies": {}
}