{
  "version": 1,
  "author": "Giovanna Gilio",
  "editor": "wokwi",
  "parts": [
    { "type": "wokwi-breadboard", "id": "bb1", "top": -243, "left": -179.6, "attrs": {} },
    {
      "type": "board-esp32-devkit-c-v4",
      "id": "esp",
      "top": -107.26,
      "left": -313.1,
      "rotate": 180,
      "attrs": { "env": "micropython-20231227-v1.22.0" }
    },
    { "type": "wokwi-led", "id": "led1", "top": -330, "left": 42.2, "attrs": { "color": "red" } },
    {
      "type": "wokwi-photoresistor-sensor",
      "id": "ldr1",
      "top": -307.5,
      "left": -149.5,
      "rotate": 90,
      "attrs": {}
    }
  ],
  "connections": [
    [ "esp:TX", "$serialMonitor:RX", "", [] ],
    [ "esp:RX", "$serialMonitor:TX", "", [] ],
    [ "led1:A", "bb1:tn.19", "green", [ "v0" ] ],
    [ "led1:C", "bb1:24t.a", "black", [ "v0" ] ],
    [ "bb1:24b.f", "esp:27", "purple", [ "v0" ] ],
    [ "ldr1:AO", "esp:34", "white", [ "v0" ] ],
    [ "ldr1:GND", "bb1:tn.2", "orange", [ "h-66.8", "v-28.7" ] ],
    [ "ldr1:VCC", "esp:5V", "red", [ "v0" ] ],
    [ "bb1:tn.1", "esp:CMD", "#8f4814", [ "v0" ] ],
    [ "ldr1:VCC", "bb1:12t.a", "", [ "$bb" ] ],
    [ "ldr1:GND", "bb1:11t.a", "", [ "$bb" ] ],
    [ "ldr1:DO", "bb1:10t.a", "", [ "$bb" ] ],
    [ "ldr1:AO", "bb1:9t.a", "", [ "$bb" ] ]
  ],
  "dependencies": {}
}