{
  "version": 1,
  "author": "Uri Shaked",
  "editor": "wokwi",
  "parts": [
    {
      "type": "wokwi-breadboard",
      "id": "bb1",
      "top": -51,
      "left": -208.4,
      "attrs": { "color": "#eeefed" }
    },
    {
      "type": "board-esp32-devkit-c-v4",
      "id": "esp",
      "top": 163.2,
      "left": -81.56,
      "attrs": { "env": "micropython-20231005-v1.21.0" }
    },
    {
      "type": "wokwi-resistor",
      "id": "r1",
      "top": 80.75,
      "left": 38.4,
      "attrs": { "value": "1000" }
    },
    { "type": "wokwi-led", "id": "led1", "top": 178.8, "left": 263, "attrs": { "color": "red" } },
    {
      "type": "wokwi-resistor",
      "id": "r2",
      "top": 80.75,
      "left": -86.4,
      "attrs": { "value": "1000" }
    },
    { "type": "wokwi-photoresistor-sensor", "id": "ldr1", "top": 32, "left": -392.8, "attrs": {} }
  ],
  "connections": [
    [ "esp:TX", "$serialMonitor:RX", "", [] ],
    [ "esp:RX", "$serialMonitor:TX", "", [] ],
    [ "bb1:24b.j", "esp:23", "orange", [ "v0" ] ],
    [ "bb1:bn.24", "led1:C", "black", [ "v0" ] ],
    [ "esp:GND.2", "bb1:bn.21", "black", [ "v0" ] ],
    [ "esp:3V3", "bb1:1b.j", "red", [ "h0" ] ],
    [ "bb1:1b.f", "ldr1:VCC", "red", [ "v0" ] ],
    [ "ldr1:GND", "bb1:11b.g", "black", [ "h0" ] ],
    [ "bb1:bp.13", "bb1:17b.j", "black", [ "v0" ] ],
    [ "r1:1", "bb1:24b.h", "", [ "$bb" ] ],
    [ "r1:2", "bb1:30b.h", "", [ "$bb" ] ],
    [ "r2:1", "bb1:11b.h", "", [ "$bb" ] ],
    [ "r2:2", "bb1:17b.h", "", [ "$bb" ] ],
    [ "led1:A", "bb1:30b.j", "magenta", [ "v0", "h9.6", "v-48" ] ]
  ],
  "dependencies": {}
}